/home/thomas/Thomas/git-thomas/PythonOpencv/python/opencv/face_recognition/test/1.bmp;54;1;5270.710640968975
/home/thomas/Thomas/git-thomas/PythonOpencv/python/opencv/face_recognition/test/2.bmp;54;1;4492.905681912752
/home/thomas/Thomas/git-thomas/PythonOpencv/python/opencv/face_recognition/test/12.bmp;6;1;3673.8105168917964
/home/thomas/Thomas/git-thomas/PythonOpencv/python/opencv/face_recognition/test/13.bmp;43;1;3556.881504496246
/home/thomas/Thomas/git-thomas/PythonOpencv/python/opencv/face_recognition/test/24.bmp;44;1;5536.811175599001
/home/thomas/Thomas/git-thomas/PythonOpencv/python/opencv/face_recognition/test/25.bmp;44;1;5255.90243208466
/home/thomas/Thomas/git-thomas/PythonOpencv/python/opencv/face_recognition/test/46.bmp;46;2;4549.328058255818
/home/thomas/Thomas/git-thomas/PythonOpencv/python/opencv/face_recognition/test/47.bmp;46;2;3845.675911742463
/home/thomas/Thomas/git-thomas/PythonOpencv/python/opencv/face_recognition/test/57.bmp;22;2;2651.2717775472906
/home/thomas/Thomas/git-thomas/PythonOpencv/python/opencv/face_recognition/test/58.bmp;22;2;2317.982131570083
/home/thomas/Thomas/git-thomas/PythonOpencv/python/opencv/face_recognition/test/66.bmp;12;2;2105.0371538668514
/home/thomas/Thomas/git-thomas/PythonOpencv/python/opencv/face_recognition/test/67.bmp;9;2;1593.8511278498047
/home/thomas/Thomas/git-thomas/PythonOpencv/python/opencv/face_recognition/test/68.bmp;9;2;1591.2674072266518
/home/thomas/Thomas/git-thomas/PythonOpencv/python/opencv/face_recognition/test/69.bmp;9;2;1587.1151734292566
/home/thomas/Thomas/git-thomas/PythonOpencv/python/opencv/face_recognition/test/70.bmp;29;2;5225.119883218647
/home/thomas/Thomas/git-thomas/PythonOpencv/python/opencv/face_recognition/test/71.bmp;29;2;4420.356379687752
/home/thomas/Thomas/git-thomas/PythonOpencv/python/opencv/face_recognition/test/91.bmp;53;3;5005.741129919321
/home/thomas/Thomas/git-thomas/PythonOpencv/python/opencv/face_recognition/test/92.bmp;53;3;4303.797892948883
/home/thomas/Thomas/git-thomas/PythonOpencv/python/opencv/face_recognition/test/102.bmp;38;3;2822.8158100969627
/home/thomas/Thomas/git-thomas/PythonOpencv/python/opencv/face_recognition/test/103.bmp;38;3;2917.0045818298063
/home/thomas/Thomas/git-thomas/PythonOpencv/python/opencv/face_recognition/test/114.bmp;53;3;5108.3810823816875
/home/thomas/Thomas/git-thomas/PythonOpencv/python/opencv/face_recognition/test/115.bmp;53;3;4887.9254755225065
/home/thomas/Thomas/git-thomas/PythonOpencv/python/opencv/face_recognition/test/147.bmp;6;4;3467.9952014497762
/home/thomas/Thomas/git-thomas/PythonOpencv/python/opencv/face_recognition/test/148.bmp;6;4;3531.9167810304994
/home/thomas/Thomas/git-thomas/PythonOpencv/python/opencv/face_recognition/test/156.bmp;12;4;3899.455820719851
/home/thomas/Thomas/git-thomas/PythonOpencv/python/opencv/face_recognition/test/192.bmp;7;5;3617.7637729068233
/home/thomas/Thomas/git-thomas/PythonOpencv/python/opencv/face_recognition/test/193.bmp;2;5;3392.270910464594
/home/thomas/Thomas/git-thomas/PythonOpencv/python/opencv/face_recognition/test/194.bmp;2;5;3681.5419277350684
/home/thomas/Thomas/git-thomas/PythonOpencv/python/opencv/face_recognition/test/201.bmp;2;5;3457.1238109680025
/home/thomas/Thomas/git-thomas/PythonOpencv/python/opencv/face_recognition/test/238.bmp;12;6;3098.8025235345403
/home/thomas/Thomas/git-thomas/PythonOpencv/python/opencv/face_recognition/test/239.bmp;12;6;2418.455057614878
/home/thomas/Thomas/git-thomas/PythonOpencv/python/opencv/face_recognition/test/246.bmp;12;6;2611.9368521251927
/home/thomas/Thomas/git-thomas/PythonOpencv/python/opencv/face_recognition/test/271.bmp;46;7;5318.198377842244
/home/thomas/Thomas/git-thomas/PythonOpencv/python/opencv/face_recognition/test/272.bmp;46;7;4156.1442179747655
/home/thomas/Thomas/git-thomas/PythonOpencv/python/opencv/face_recognition/test/292.bmp;11;7;2188.0269436542026
/home/thomas/Thomas/git-thomas/PythonOpencv/python/opencv/face_recognition/test/293.bmp;11;7;2117.375609239798
/home/thomas/Thomas/git-thomas/PythonOpencv/python/opencv/face_recognition/test/294.bmp;11;7;2116.6540150029336
/home/thomas/Thomas/git-thomas/PythonOpencv/python/opencv/face_recognition/test/295.bmp;53;7;5524.693847789609
/home/thomas/Thomas/git-thomas/PythonOpencv/python/opencv/face_recognition/test/296.bmp;53;7;5027.092531134908
/home/thomas/Thomas/git-thomas/PythonOpencv/python/opencv/face_recognition/test/316.bmp;53;8;6061.287507625887
/home/thomas/Thomas/git-thomas/PythonOpencv/python/opencv/face_recognition/test/317.bmp;53;8;4656.2312556435
/home/thomas/Thomas/git-thomas/PythonOpencv/python/opencv/face_recognition/test/361.bmp;53;9;3491.075862012269
/home/thomas/Thomas/git-thomas/PythonOpencv/python/opencv/face_recognition/test/372.bmp;2;9;3231.978870761949
/home/thomas/Thomas/git-thomas/PythonOpencv/python/opencv/face_recognition/test/373.bmp;2;9;3163.867454789414
/home/thomas/Thomas/git-thomas/PythonOpencv/python/opencv/face_recognition/test/374.bmp;7;9;2751.6567678054453
/home/thomas/Thomas/git-thomas/PythonOpencv/python/opencv/face_recognition/test/381.bmp;7;9;2998.5372717539913
/home/thomas/Thomas/git-thomas/PythonOpencv/python/opencv/face_recognition/test/462.bmp;8;11;3100.4491608816024
/home/thomas/Thomas/git-thomas/PythonOpencv/python/opencv/face_recognition/test/463.bmp;8;11;3279.8298814288914
/home/thomas/Thomas/git-thomas/PythonOpencv/python/opencv/face_recognition/test/464.bmp;8;11;2900.18733887358
/home/thomas/Thomas/git-thomas/PythonOpencv/python/opencv/face_recognition/test/471.bmp;8;11;3234.441447752759
/home/thomas/Thomas/git-thomas/PythonOpencv/python/opencv/face_recognition/test/508.bmp;22;12;2024.9850179673604
/home/thomas/Thomas/git-thomas/PythonOpencv/python/opencv/face_recognition/test/509.bmp;22;12;1926.6711126359723
/home/thomas/Thomas/git-thomas/PythonOpencv/python/opencv/face_recognition/test/516.bmp;22;12;1811.5496450450414
/home/thomas/Thomas/git-thomas/PythonOpencv/python/opencv/face_recognition/test/517.bmp;22;12;2567.823185157757
/home/thomas/Thomas/git-thomas/PythonOpencv/python/opencv/face_recognition/test/518.bmp;22;12;2565.431270350838
/home/thomas/Thomas/git-thomas/PythonOpencv/python/opencv/face_recognition/test/519.bmp;22;12;2564.1701110719646
/home/thomas/Thomas/git-thomas/PythonOpencv/python/opencv/face_recognition/test/541.bmp;21;13;3142.635145000053
/home/thomas/Thomas/git-thomas/PythonOpencv/python/opencv/face_recognition/test/552.bmp;43;13;3339.751274463507
/home/thomas/Thomas/git-thomas/PythonOpencv/python/opencv/face_recognition/test/553.bmp;43;13;3341.129670317768
/home/thomas/Thomas/git-thomas/PythonOpencv/python/opencv/face_recognition/test/561.bmp;22;13;3198.805171615162
/home/thomas/Thomas/git-thomas/PythonOpencv/python/opencv/face_recognition/test/562.bmp;6;13;1474.0738775156399
/home/thomas/Thomas/git-thomas/PythonOpencv/python/opencv/face_recognition/test/563.bmp;6;13;1420.9793737597076
/home/thomas/Thomas/git-thomas/PythonOpencv/python/opencv/face_recognition/test/564.bmp;6;13;1425.171151703589
/home/thomas/Thomas/git-thomas/PythonOpencv/python/opencv/face_recognition/test/597.bmp;6;14;2971.3657828712144
/home/thomas/Thomas/git-thomas/PythonOpencv/python/opencv/face_recognition/test/598.bmp;43;14;3005.734769358248
/home/thomas/Thomas/git-thomas/PythonOpencv/python/opencv/face_recognition/test/606.bmp;43;14;3305.2259768229783
/home/thomas/Thomas/git-thomas/PythonOpencv/python/opencv/face_recognition/test/607.bmp;6;14;1432.9730283334538
/home/thomas/Thomas/git-thomas/PythonOpencv/python/opencv/face_recognition/test/608.bmp;6;14;1422.3634651092539
/home/thomas/Thomas/git-thomas/PythonOpencv/python/opencv/face_recognition/test/609.bmp;6;14;1435.8160510439886
/home/thomas/Thomas/git-thomas/PythonOpencv/python/opencv/face_recognition/test/642.bmp;31;15;3532.8356106097845
/home/thomas/Thomas/git-thomas/PythonOpencv/python/opencv/face_recognition/test/643.bmp;31;15;3442.648238084765
/home/thomas/Thomas/git-thomas/PythonOpencv/python/opencv/face_recognition/test/644.bmp;38;15;3613.2007054627466
/home/thomas/Thomas/git-thomas/PythonOpencv/python/opencv/face_recognition/test/651.bmp;38;15;3524.369314414534
/home/thomas/Thomas/git-thomas/PythonOpencv/python/opencv/face_recognition/test/687.bmp;8;16;3571.5869176032065
/home/thomas/Thomas/git-thomas/PythonOpencv/python/opencv/face_recognition/test/688.bmp;8;16;3119.8012312461087
/home/thomas/Thomas/git-thomas/PythonOpencv/python/opencv/face_recognition/test/689.bmp;29;16;3383.4974661957745
/home/thomas/Thomas/git-thomas/PythonOpencv/python/opencv/face_recognition/test/696.bmp;8;16;3490.7373396751677
/home/thomas/Thomas/git-thomas/PythonOpencv/python/opencv/face_recognition/test/732.bmp;7;17;3498.9874428889248
/home/thomas/Thomas/git-thomas/PythonOpencv/python/opencv/face_recognition/test/733.bmp;2;17;3140.600428358832
/home/thomas/Thomas/git-thomas/PythonOpencv/python/opencv/face_recognition/test/734.bmp;7;17;3424.3473451552895
/home/thomas/Thomas/git-thomas/PythonOpencv/python/opencv/face_recognition/test/741.bmp;2;17;3270.066677810887
/home/thomas/Thomas/git-thomas/PythonOpencv/python/opencv/face_recognition/test/777.bmp;6;18;3695.0770966829423
/home/thomas/Thomas/git-thomas/PythonOpencv/python/opencv/face_recognition/test/778.bmp;43;18;3577.70958783333
/home/thomas/Thomas/git-thomas/PythonOpencv/python/opencv/face_recognition/test/786.bmp;43;18;3516.45011815767
/home/thomas/Thomas/git-thomas/PythonOpencv/python/opencv/face_recognition/test/822.bmp;7;19;3369.1883651273665
/home/thomas/Thomas/git-thomas/PythonOpencv/python/opencv/face_recognition/test/823.bmp;2;19;3011.1085612178244
/home/thomas/Thomas/git-thomas/PythonOpencv/python/opencv/face_recognition/test/824.bmp;7;19;3214.1345794288254
/home/thomas/Thomas/git-thomas/PythonOpencv/python/opencv/face_recognition/test/831.bmp;2;19;3135.426229113892
/home/thomas/Thomas/git-thomas/PythonOpencv/python/opencv/face_recognition/test/864.bmp;39;20;3128.4573053835043
/home/thomas/Thomas/git-thomas/PythonOpencv/python/opencv/face_recognition/test/867.bmp;40;20;3627.9777971773606
/home/thomas/Thomas/git-thomas/PythonOpencv/python/opencv/face_recognition/test/868.bmp;6;20;3493.8139179563436
/home/thomas/Thomas/git-thomas/PythonOpencv/python/opencv/face_recognition/test/869.bmp;39;20;3109.3752820062427
/home/thomas/Thomas/git-thomas/PythonOpencv/python/opencv/face_recognition/test/876.bmp;38;20;3369.304561409448
/home/thomas/Thomas/git-thomas/PythonOpencv/python/opencv/face_recognition/test/912.bmp;7;21;3043.8660007730623
/home/thomas/Thomas/git-thomas/PythonOpencv/python/opencv/face_recognition/test/913.bmp;43;21;2891.7978787054226
/home/thomas/Thomas/git-thomas/PythonOpencv/python/opencv/face_recognition/test/914.bmp;43;21;3175.050418589295
/home/thomas/Thomas/git-thomas/PythonOpencv/python/opencv/face_recognition/test/921.bmp;43;21;3010.4645059000272
/home/thomas/Thomas/git-thomas/PythonOpencv/python/opencv/face_recognition/test/991.bmp;53;23;3711.9611562229484
/home/thomas/Thomas/git-thomas/PythonOpencv/python/opencv/face_recognition/test/1002.bmp;6;23;3721.982069280541
/home/thomas/Thomas/git-thomas/PythonOpencv/python/opencv/face_recognition/test/1003.bmp;6;23;3583.0748083267727
/home/thomas/Thomas/git-thomas/PythonOpencv/python/opencv/face_recognition/test/1004.bmp;8;23;3173.0485610394926
/home/thomas/Thomas/git-thomas/PythonOpencv/python/opencv/face_recognition/test/1011.bmp;43;23;3486.553359624578
/home/thomas/Thomas/git-thomas/PythonOpencv/python/opencv/face_recognition/test/1012.bmp;28;23;1928.875152482018
/home/thomas/Thomas/git-thomas/PythonOpencv/python/opencv/face_recognition/test/1013.bmp;28;23;1916.397334802508
/home/thomas/Thomas/git-thomas/PythonOpencv/python/opencv/face_recognition/test/1014.bmp;28;23;1927.076521131252
/home/thomas/Thomas/git-thomas/PythonOpencv/python/opencv/face_recognition/test/1057.bmp;4;24;1827.0737173006644
/home/thomas/Thomas/git-thomas/PythonOpencv/python/opencv/face_recognition/test/1058.bmp;4;24;1819.8032786137676
/home/thomas/Thomas/git-thomas/PythonOpencv/python/opencv/face_recognition/test/1059.bmp;4;24;1823.1936693250207
/home/thomas/Thomas/git-thomas/PythonOpencv/python/opencv/face_recognition/test/1093.bmp;2;25;3807.357160524469
/home/thomas/Thomas/git-thomas/PythonOpencv/python/opencv/face_recognition/test/1101.bmp;12;25;3606.73507737305
/home/thomas/Thomas/git-thomas/PythonOpencv/python/opencv/face_recognition/test/1102.bmp;9;25;3502.1908713634684
/home/thomas/Thomas/git-thomas/PythonOpencv/python/opencv/face_recognition/test/1103.bmp;9;25;3518.302804307608
/home/thomas/Thomas/git-thomas/PythonOpencv/python/opencv/face_recognition/test/1104.bmp;9;25;3502.3980716450014
/home/thomas/Thomas/git-thomas/PythonOpencv/python/opencv/face_recognition/test/1137.bmp;2;26;3378.306039741797
/home/thomas/Thomas/git-thomas/PythonOpencv/python/opencv/face_recognition/test/1138.bmp;2;26;3391.775989287656
/home/thomas/Thomas/git-thomas/PythonOpencv/python/opencv/face_recognition/test/1139.bmp;7;26;2705.611221718307
/home/thomas/Thomas/git-thomas/PythonOpencv/python/opencv/face_recognition/test/1146.bmp;12;26;3036.3711114028915
/home/thomas/Thomas/git-thomas/PythonOpencv/python/opencv/face_recognition/test/1147.bmp;27;26;1521.688559114241
/home/thomas/Thomas/git-thomas/PythonOpencv/python/opencv/face_recognition/test/1148.bmp;27;26;1530.5931938097428
/home/thomas/Thomas/git-thomas/PythonOpencv/python/opencv/face_recognition/test/1149.bmp;27;26;1532.8766646570273
/home/thomas/Thomas/git-thomas/PythonOpencv/python/opencv/face_recognition/test/1182.bmp;2;27;3103.895988624754
/home/thomas/Thomas/git-thomas/PythonOpencv/python/opencv/face_recognition/test/1183.bmp;2;27;2993.877167119112
/home/thomas/Thomas/git-thomas/PythonOpencv/python/opencv/face_recognition/test/1184.bmp;7;27;2618.278648326134
/home/thomas/Thomas/git-thomas/PythonOpencv/python/opencv/face_recognition/test/1191.bmp;7;27;2990.3274320537885
/home/thomas/Thomas/git-thomas/PythonOpencv/python/opencv/face_recognition/test/1227.bmp;8;28;3369.763259139445
/home/thomas/Thomas/git-thomas/PythonOpencv/python/opencv/face_recognition/test/1228.bmp;8;28;3424.8163633164363
/home/thomas/Thomas/git-thomas/PythonOpencv/python/opencv/face_recognition/test/1229.bmp;8;28;2780.7743305908357
/home/thomas/Thomas/git-thomas/PythonOpencv/python/opencv/face_recognition/test/1236.bmp;8;28;3083.602664206297
/home/thomas/Thomas/git-thomas/PythonOpencv/python/opencv/face_recognition/test/1272.bmp;8;29;2968.9277518088197
/home/thomas/Thomas/git-thomas/PythonOpencv/python/opencv/face_recognition/test/1273.bmp;8;29;3114.012240472072
/home/thomas/Thomas/git-thomas/PythonOpencv/python/opencv/face_recognition/test/1274.bmp;8;29;2666.7902867488306
/home/thomas/Thomas/git-thomas/PythonOpencv/python/opencv/face_recognition/test/1281.bmp;8;29;3064.1664506988272
/home/thomas/Thomas/git-thomas/PythonOpencv/python/opencv/face_recognition/test/1282.bmp;9;29;1797.1058797507874
/home/thomas/Thomas/git-thomas/PythonOpencv/python/opencv/face_recognition/test/1283.bmp;9;29;1786.0410464922961
/home/thomas/Thomas/git-thomas/PythonOpencv/python/opencv/face_recognition/test/1284.bmp;9;29;1785.5804355990333
/home/thomas/Thomas/git-thomas/PythonOpencv/python/opencv/face_recognition/test/1306.bmp;53;30;3445.890083591313
/home/thomas/Thomas/git-thomas/PythonOpencv/python/opencv/face_recognition/test/1317.bmp;38;30;3305.46912723727
/home/thomas/Thomas/git-thomas/PythonOpencv/python/opencv/face_recognition/test/1318.bmp;43;30;3226.240664591257
/home/thomas/Thomas/git-thomas/PythonOpencv/python/opencv/face_recognition/test/1326.bmp;7;30;3095.0313834651083
/home/thomas/Thomas/git-thomas/PythonOpencv/python/opencv/face_recognition/test/1327.bmp;9;30;1704.0175697433588
/home/thomas/Thomas/git-thomas/PythonOpencv/python/opencv/face_recognition/test/1328.bmp;9;30;1686.9215392668405
/home/thomas/Thomas/git-thomas/PythonOpencv/python/opencv/face_recognition/test/1329.bmp;9;30;1687.7237304751152
/home/thomas/Thomas/git-thomas/PythonOpencv/python/opencv/face_recognition/test/1351.bmp;11;31;3023.018796993805
/home/thomas/Thomas/git-thomas/PythonOpencv/python/opencv/face_recognition/test/1362.bmp;43;31;3174.877180311513
/home/thomas/Thomas/git-thomas/PythonOpencv/python/opencv/face_recognition/test/1363.bmp;43;31;3211.496615388509
/home/thomas/Thomas/git-thomas/PythonOpencv/python/opencv/face_recognition/test/1364.bmp;8;31;2553.2424687957387
/home/thomas/Thomas/git-thomas/PythonOpencv/python/opencv/face_recognition/test/1371.bmp;8;31;3040.4264098119625
/home/thomas/Thomas/git-thomas/PythonOpencv/python/opencv/face_recognition/test/1396.bmp;53;32;3406.026781757764
/home/thomas/Thomas/git-thomas/PythonOpencv/python/opencv/face_recognition/test/1407.bmp;7;32;3066.953310529006
/home/thomas/Thomas/git-thomas/PythonOpencv/python/opencv/face_recognition/test/1408.bmp;2;32;3143.2688612390557
/home/thomas/Thomas/git-thomas/PythonOpencv/python/opencv/face_recognition/test/1409.bmp;7;32;2376.698863740241
/home/thomas/Thomas/git-thomas/PythonOpencv/python/opencv/face_recognition/test/1416.bmp;7;32;2841.1396634451166
/home/thomas/Thomas/git-thomas/PythonOpencv/python/opencv/face_recognition/test/1417.bmp;9;32;1626.582230067553
/home/thomas/Thomas/git-thomas/PythonOpencv/python/opencv/face_recognition/test/1418.bmp;28;32;1591.880016221164
/home/thomas/Thomas/git-thomas/PythonOpencv/python/opencv/face_recognition/test/1419.bmp;28;32;1590.9824587585672
/home/thomas/Thomas/git-thomas/PythonOpencv/python/opencv/face_recognition/test/1441.bmp;53;33;3673.1329502602002
/home/thomas/Thomas/git-thomas/PythonOpencv/python/opencv/face_recognition/test/1462.bmp;9;33;2361.0586112995343
/home/thomas/Thomas/git-thomas/PythonOpencv/python/opencv/face_recognition/test/1463.bmp;18;33;2303.0925898694454
/home/thomas/Thomas/git-thomas/PythonOpencv/python/opencv/face_recognition/test/1464.bmp;18;33;2307.865695373476
/home/thomas/Thomas/git-thomas/PythonOpencv/python/opencv/face_recognition/test/1497.bmp;38;34;3393.320464279174
/home/thomas/Thomas/git-thomas/PythonOpencv/python/opencv/face_recognition/test/1498.bmp;2;34;3236.448054288726
/home/thomas/Thomas/git-thomas/PythonOpencv/python/opencv/face_recognition/test/1499.bmp;7;34;2529.8559330362655
/home/thomas/Thomas/git-thomas/PythonOpencv/python/opencv/face_recognition/test/1506.bmp;7;34;2814.429882335511
/home/thomas/Thomas/git-thomas/PythonOpencv/python/opencv/face_recognition/test/1507.bmp;3;34;3777.7879208622094
/home/thomas/Thomas/git-thomas/PythonOpencv/python/opencv/face_recognition/test/1508.bmp;3;34;3772.160240229044
/home/thomas/Thomas/git-thomas/PythonOpencv/python/opencv/face_recognition/test/1509.bmp;3;34;3777.343204251026
/home/thomas/Thomas/git-thomas/PythonOpencv/python/opencv/face_recognition/test/1551.bmp;12;35;2527.8682806271922
/home/thomas/Thomas/git-thomas/PythonOpencv/python/opencv/face_recognition/test/1552.bmp;6;35;1516.91425618541
/home/thomas/Thomas/git-thomas/PythonOpencv/python/opencv/face_recognition/test/1553.bmp;6;35;1530.7670636757996
/home/thomas/Thomas/git-thomas/PythonOpencv/python/opencv/face_recognition/test/1554.bmp;6;35;1529.2013881837497
/home/thomas/Thomas/git-thomas/PythonOpencv/python/opencv/face_recognition/test/1597.bmp;27;36;2167.97258156431
/home/thomas/Thomas/git-thomas/PythonOpencv/python/opencv/face_recognition/test/1598.bmp;27;36;2151.2396036687005
/home/thomas/Thomas/git-thomas/PythonOpencv/python/opencv/face_recognition/test/1599.bmp;27;36;2144.877091084777
/home/thomas/Thomas/git-thomas/PythonOpencv/python/opencv/face_recognition/test/1621.bmp;53;37;3758.513534304923
/home/thomas/Thomas/git-thomas/PythonOpencv/python/opencv/face_recognition/test/1632.bmp;2;37;3441.369032368008
/home/thomas/Thomas/git-thomas/PythonOpencv/python/opencv/face_recognition/test/1633.bmp;43;37;3437.3357318249277
/home/thomas/Thomas/git-thomas/PythonOpencv/python/opencv/face_recognition/test/1634.bmp;7;37;2699.3487365560354
/home/thomas/Thomas/git-thomas/PythonOpencv/python/opencv/face_recognition/test/1641.bmp;7;37;3079.9562461126657
/home/thomas/Thomas/git-thomas/PythonOpencv/python/opencv/face_recognition/test/1666.bmp;53;38;4161.3746356046895
/home/thomas/Thomas/git-thomas/PythonOpencv/python/opencv/face_recognition/test/1678.bmp;3;38;3388.721382946428
/home/thomas/Thomas/git-thomas/PythonOpencv/python/opencv/face_recognition/test/1687.bmp;15;38;1814.8141072975877
/home/thomas/Thomas/git-thomas/PythonOpencv/python/opencv/face_recognition/test/1688.bmp;15;38;1831.1318284359154
/home/thomas/Thomas/git-thomas/PythonOpencv/python/opencv/face_recognition/test/1689.bmp;15;38;1825.9127054521728
/home/thomas/Thomas/git-thomas/PythonOpencv/python/opencv/face_recognition/test/1719.bmp;20;39;2189.3727789399604
/home/thomas/Thomas/git-thomas/PythonOpencv/python/opencv/face_recognition/test/1722.bmp;43;39;3136.1944968825605
/home/thomas/Thomas/git-thomas/PythonOpencv/python/opencv/face_recognition/test/1723.bmp;43;39;3008.460527569765
/home/thomas/Thomas/git-thomas/PythonOpencv/python/opencv/face_recognition/test/1731.bmp;50;39;3268.564396628558
/home/thomas/Thomas/git-thomas/PythonOpencv/python/opencv/face_recognition/test/1732.bmp;20;39;1616.8321607038772
/home/thomas/Thomas/git-thomas/PythonOpencv/python/opencv/face_recognition/test/1733.bmp;20;39;1631.666078740367
/home/thomas/Thomas/git-thomas/PythonOpencv/python/opencv/face_recognition/test/1734.bmp;20;39;1637.1945569197514
/home/thomas/Thomas/git-thomas/PythonOpencv/python/opencv/face_recognition/test/1756.bmp;34;40;2969.6958412821677
/home/thomas/Thomas/git-thomas/PythonOpencv/python/opencv/face_recognition/test/1776.bmp;22;40;2645.4194309899335
/home/thomas/Thomas/git-thomas/PythonOpencv/python/opencv/face_recognition/test/1777.bmp;27;40;1658.840533601852
/home/thomas/Thomas/git-thomas/PythonOpencv/python/opencv/face_recognition/test/1778.bmp;27;40;1665.3933565270104
/home/thomas/Thomas/git-thomas/PythonOpencv/python/opencv/face_recognition/test/1779.bmp;27;40;1661.6589454791367
/home/thomas/Thomas/git-thomas/PythonOpencv/python/opencv/face_recognition/test/1812.bmp;12;41;3293.47609269889
/home/thomas/Thomas/git-thomas/PythonOpencv/python/opencv/face_recognition/test/1813.bmp;12;41;3146.833283635059
/home/thomas/Thomas/git-thomas/PythonOpencv/python/opencv/face_recognition/test/1814.bmp;22;41;2541.1419851246446
/home/thomas/Thomas/git-thomas/PythonOpencv/python/opencv/face_recognition/test/1821.bmp;22;41;2651.6812413854846
/home/thomas/Thomas/git-thomas/PythonOpencv/python/opencv/face_recognition/test/1822.bmp;27;41;1664.3952593634067
/home/thomas/Thomas/git-thomas/PythonOpencv/python/opencv/face_recognition/test/1823.bmp;27;41;1651.8892498694381
/home/thomas/Thomas/git-thomas/PythonOpencv/python/opencv/face_recognition/test/1824.bmp;27;41;1645.2363010846445
/home/thomas/Thomas/git-thomas/PythonOpencv/python/opencv/face_recognition/test/1846.bmp;53;42;3280.58398427975
/home/thomas/Thomas/git-thomas/PythonOpencv/python/opencv/face_recognition/test/1847.bmp;53;42;2540.8504988587415
/home/thomas/Thomas/git-thomas/PythonOpencv/python/opencv/face_recognition/test/1857.bmp;8;42;3284.243716741237
/home/thomas/Thomas/git-thomas/PythonOpencv/python/opencv/face_recognition/test/1858.bmp;8;42;3419.364603704944
/home/thomas/Thomas/git-thomas/PythonOpencv/python/opencv/face_recognition/test/1859.bmp;8;42;2690.940825376696
/home/thomas/Thomas/git-thomas/PythonOpencv/python/opencv/face_recognition/test/1866.bmp;8;42;3068.531804363698
/home/thomas/Thomas/git-thomas/PythonOpencv/python/opencv/face_recognition/test/1867.bmp;16;42;2336.719625541117
/home/thomas/Thomas/git-thomas/PythonOpencv/python/opencv/face_recognition/test/1868.bmp;16;42;2325.450162214633
/home/thomas/Thomas/git-thomas/PythonOpencv/python/opencv/face_recognition/test/1869.bmp;16;42;2326.2883104724083
/home/thomas/Thomas/git-thomas/PythonOpencv/python/opencv/face_recognition/test/1903.bmp;22;43;2529.24562313646
/home/thomas/Thomas/git-thomas/PythonOpencv/python/opencv/face_recognition/test/1904.bmp;12;43;2148.7793047526357
/home/thomas/Thomas/git-thomas/PythonOpencv/python/opencv/face_recognition/test/1911.bmp;22;43;2192.333116714893
/home/thomas/Thomas/git-thomas/PythonOpencv/python/opencv/face_recognition/test/1912.bmp;22;43;1582.4371186464132
/home/thomas/Thomas/git-thomas/PythonOpencv/python/opencv/face_recognition/test/1913.bmp;22;43;1572.7991286341955
/home/thomas/Thomas/git-thomas/PythonOpencv/python/opencv/face_recognition/test/1914.bmp;22;43;1568.8816193172793
/home/thomas/Thomas/git-thomas/PythonOpencv/python/opencv/face_recognition/test/1947.bmp;13;44;3584.041035143281
/home/thomas/Thomas/git-thomas/PythonOpencv/python/opencv/face_recognition/test/1948.bmp;13;44;3453.503347587611
/home/thomas/Thomas/git-thomas/PythonOpencv/python/opencv/face_recognition/test/1949.bmp;34;44;3763.134304847319
/home/thomas/Thomas/git-thomas/PythonOpencv/python/opencv/face_recognition/test/1956.bmp;6;44;3602.9444250496035
/home/thomas/Thomas/git-thomas/PythonOpencv/python/opencv/face_recognition/test/1957.bmp;27;44;1864.7367419875798
/home/thomas/Thomas/git-thomas/PythonOpencv/python/opencv/face_recognition/test/1958.bmp;28;44;1848.946966256229
/home/thomas/Thomas/git-thomas/PythonOpencv/python/opencv/face_recognition/test/1959.bmp;28;44;1856.8381484608683
/home/thomas/Thomas/git-thomas/PythonOpencv/python/opencv/face_recognition/test/1992.bmp;8;45;2971.692388100734
/home/thomas/Thomas/git-thomas/PythonOpencv/python/opencv/face_recognition/test/1993.bmp;8;45;3271.078731532602
/home/thomas/Thomas/git-thomas/PythonOpencv/python/opencv/face_recognition/test/1994.bmp;8;45;2915.568689151567
/home/thomas/Thomas/git-thomas/PythonOpencv/python/opencv/face_recognition/test/2001.bmp;8;45;3320.1090456152547
/home/thomas/Thomas/git-thomas/PythonOpencv/python/opencv/face_recognition/test/2002.bmp;6;45;1421.2616937685705
/home/thomas/Thomas/git-thomas/PythonOpencv/python/opencv/face_recognition/test/2003.bmp;6;45;1425.905920796656
/home/thomas/Thomas/git-thomas/PythonOpencv/python/opencv/face_recognition/test/2004.bmp;6;45;1423.4291953403072
/home/thomas/Thomas/git-thomas/PythonOpencv/python/opencv/face_recognition/test/2037.bmp;37;46;4577.490644955238
/home/thomas/Thomas/git-thomas/PythonOpencv/python/opencv/face_recognition/test/2038.bmp;7;46;3845.484850865301
/home/thomas/Thomas/git-thomas/PythonOpencv/python/opencv/face_recognition/test/2039.bmp;7;46;4059.3466082940486
/home/thomas/Thomas/git-thomas/PythonOpencv/python/opencv/face_recognition/test/2046.bmp;7;46;3519.4216837585755
/home/thomas/Thomas/git-thomas/PythonOpencv/python/opencv/face_recognition/test/2071.bmp;46;47;4667.426025691728
/home/thomas/Thomas/git-thomas/PythonOpencv/python/opencv/face_recognition/test/2082.bmp;6;47;3839.897146570883
/home/thomas/Thomas/git-thomas/PythonOpencv/python/opencv/face_recognition/test/2083.bmp;2;47;3776.6579684630096
/home/thomas/Thomas/git-thomas/PythonOpencv/python/opencv/face_recognition/test/2084.bmp;27;47;2779.0061453660937
/home/thomas/Thomas/git-thomas/PythonOpencv/python/opencv/face_recognition/test/2091.bmp;27;47;3250.5900439361585
/home/thomas/Thomas/git-thomas/PythonOpencv/python/opencv/face_recognition/test/2092.bmp;27;47;1658.0783827261473
/home/thomas/Thomas/git-thomas/PythonOpencv/python/opencv/face_recognition/test/2093.bmp;27;47;1604.6785199307033
/home/thomas/Thomas/git-thomas/PythonOpencv/python/opencv/face_recognition/test/2094.bmp;27;47;1613.0447298138217
/home/thomas/Thomas/git-thomas/PythonOpencv/python/opencv/face_recognition/test/2127.bmp;8;48;3621.586105129353
/home/thomas/Thomas/git-thomas/PythonOpencv/python/opencv/face_recognition/test/2128.bmp;8;48;3239.7483121196046
/home/thomas/Thomas/git-thomas/PythonOpencv/python/opencv/face_recognition/test/2129.bmp;8;48;3284.488849174888
/home/thomas/Thomas/git-thomas/PythonOpencv/python/opencv/face_recognition/test/2136.bmp;8;48;3441.1521593619736
/home/thomas/Thomas/git-thomas/PythonOpencv/python/opencv/face_recognition/test/2137.bmp;9;48;1981.2950047143993
/home/thomas/Thomas/git-thomas/PythonOpencv/python/opencv/face_recognition/test/2138.bmp;9;48;1973.0365932699888
/home/thomas/Thomas/git-thomas/PythonOpencv/python/opencv/face_recognition/test/2139.bmp;9;48;1970.3257697051738
/home/thomas/Thomas/git-thomas/PythonOpencv/python/opencv/face_recognition/test/2161.bmp;53;49;4670.531078247871
/home/thomas/Thomas/git-thomas/PythonOpencv/python/opencv/face_recognition/test/2172.bmp;14;49;3652.453579165301
/home/thomas/Thomas/git-thomas/PythonOpencv/python/opencv/face_recognition/test/2173.bmp;14;49;3567.9759720662496
/home/thomas/Thomas/git-thomas/PythonOpencv/python/opencv/face_recognition/test/2181.bmp;38;49;3252.290457705257
/home/thomas/Thomas/git-thomas/PythonOpencv/python/opencv/face_recognition/test/2182.bmp;20;49;1731.0672154280696
/home/thomas/Thomas/git-thomas/PythonOpencv/python/opencv/face_recognition/test/2183.bmp;20;49;1733.2733731247622
/home/thomas/Thomas/git-thomas/PythonOpencv/python/opencv/face_recognition/test/2184.bmp;20;49;1735.8982503875097
/home/thomas/Thomas/git-thomas/PythonOpencv/python/opencv/face_recognition/test/2218.bmp;22;50;2483.1863036716622
/home/thomas/Thomas/git-thomas/PythonOpencv/python/opencv/face_recognition/test/2219.bmp;22;50;2287.919533222717
/home/thomas/Thomas/git-thomas/PythonOpencv/python/opencv/face_recognition/test/2226.bmp;22;50;2144.9214010449773
/home/thomas/Thomas/git-thomas/PythonOpencv/python/opencv/face_recognition/test/2227.bmp;6;50;2039.2659913365349
/home/thomas/Thomas/git-thomas/PythonOpencv/python/opencv/face_recognition/test/2228.bmp;6;50;2041.802900140325
/home/thomas/Thomas/git-thomas/PythonOpencv/python/opencv/face_recognition/test/2229.bmp;6;50;2035.9347453313644
/home/thomas/Thomas/git-thomas/PythonOpencv/python/opencv/face_recognition/test/2251.bmp;53;51;4237.817007482886
/home/thomas/Thomas/git-thomas/PythonOpencv/python/opencv/face_recognition/test/2262.bmp;40;51;4003.2392780237237
/home/thomas/Thomas/git-thomas/PythonOpencv/python/opencv/face_recognition/test/2263.bmp;38;51;3831.789022248085
/home/thomas/Thomas/git-thomas/PythonOpencv/python/opencv/face_recognition/test/2271.bmp;38;51;3678.322206500861
/home/thomas/Thomas/git-thomas/PythonOpencv/python/opencv/face_recognition/test/2272.bmp;21;51;1880.645377480741
/home/thomas/Thomas/git-thomas/PythonOpencv/python/opencv/face_recognition/test/2273.bmp;21;51;1908.133713095623
/home/thomas/Thomas/git-thomas/PythonOpencv/python/opencv/face_recognition/test/2274.bmp;21;51;1909.397555665927
/home/thomas/Thomas/git-thomas/PythonOpencv/python/opencv/face_recognition/test/2307.bmp;50;52;3359.404852679481
/home/thomas/Thomas/git-thomas/PythonOpencv/python/opencv/face_recognition/test/2308.bmp;50;52;3330.934601317673
/home/thomas/Thomas/git-thomas/PythonOpencv/python/opencv/face_recognition/test/2316.bmp;12;52;2923.207685977436
/home/thomas/Thomas/git-thomas/PythonOpencv/python/opencv/face_recognition/test/2317.bmp;6;52;2012.4539234499666
/home/thomas/Thomas/git-thomas/PythonOpencv/python/opencv/face_recognition/test/2318.bmp;6;52;2040.911821072104
/home/thomas/Thomas/git-thomas/PythonOpencv/python/opencv/face_recognition/test/2319.bmp;6;52;2036.444553914179
/home/thomas/Thomas/git-thomas/PythonOpencv/python/opencv/face_recognition/test/2352.bmp;8;53;3018.489210065704
/home/thomas/Thomas/git-thomas/PythonOpencv/python/opencv/face_recognition/test/2353.bmp;8;53;2765.3302191238295
/home/thomas/Thomas/git-thomas/PythonOpencv/python/opencv/face_recognition/test/2354.bmp;8;53;3488.7841833406114
/home/thomas/Thomas/git-thomas/PythonOpencv/python/opencv/face_recognition/test/2361.bmp;8;53;3135.8976292377433
/home/thomas/Thomas/git-thomas/PythonOpencv/python/opencv/face_recognition/test/2362.bmp;9;53;2315.538448384864
/home/thomas/Thomas/git-thomas/PythonOpencv/python/opencv/face_recognition/test/2363.bmp;9;53;2321.5882063731365
/home/thomas/Thomas/git-thomas/PythonOpencv/python/opencv/face_recognition/test/2364.bmp;9;53;2304.643678366701
/home/thomas/Thomas/git-thomas/PythonOpencv/python/opencv/face_recognition/test/2397.bmp;1;54;3655.820030076274
/home/thomas/Thomas/git-thomas/PythonOpencv/python/opencv/face_recognition/test/2398.bmp;6;54;3451.431049829037
/home/thomas/Thomas/git-thomas/PythonOpencv/python/opencv/face_recognition/test/2399.bmp;2;54;3785.8437239743744
/home/thomas/Thomas/git-thomas/PythonOpencv/python/opencv/face_recognition/test/2406.bmp;2;54;3596.2051996562304
/home/thomas/Thomas/git-thomas/PythonOpencv/python/opencv/face_recognition/test/2407.bmp;5;54;2000.2806929307296
/home/thomas/Thomas/git-thomas/PythonOpencv/python/opencv/face_recognition/test/2408.bmp;5;54;1955.2768431992115
/home/thomas/Thomas/git-thomas/PythonOpencv/python/opencv/face_recognition/test/2409.bmp;5;54;1949.0420400779458
/home/thomas/Thomas/git-thomas/PythonOpencv/python/opencv/face_recognition/test/2442.bmp;2;55;3884.5169564910393
/home/thomas/Thomas/git-thomas/PythonOpencv/python/opencv/face_recognition/test/2443.bmp;2;55;3707.2537408020057
/home/thomas/Thomas/git-thomas/PythonOpencv/python/opencv/face_recognition/test/2451.bmp;22;55;3777.281604466087
/home/thomas/Thomas/git-thomas/PythonOpencv/python/opencv/face_recognition/test/2476.bmp;46;56;5179.351898854908
/home/thomas/Thomas/git-thomas/PythonOpencv/python/opencv/face_recognition/test/2487.bmp;63;56;3860.8880224031454
/home/thomas/Thomas/git-thomas/PythonOpencv/python/opencv/face_recognition/test/2488.bmp;63;56;3268.78910528213
/home/thomas/Thomas/git-thomas/PythonOpencv/python/opencv/face_recognition/test/2489.bmp;63;56;3745.4596686195914
/home/thomas/Thomas/git-thomas/PythonOpencv/python/opencv/face_recognition/test/2496.bmp;2;56;3599.1622205197214
/home/thomas/Thomas/git-thomas/PythonOpencv/python/opencv/face_recognition/test/2497.bmp;5;56;2673.1615488771254
/home/thomas/Thomas/git-thomas/PythonOpencv/python/opencv/face_recognition/test/2498.bmp;5;56;2680.243837960259
/home/thomas/Thomas/git-thomas/PythonOpencv/python/opencv/face_recognition/test/2499.bmp;5;56;2683.435439679182
/home/thomas/Thomas/git-thomas/PythonOpencv/python/opencv/face_recognition/test/2532.bmp;50;57;3770.140925443915
/home/thomas/Thomas/git-thomas/PythonOpencv/python/opencv/face_recognition/test/2533.bmp;50;57;3645.776108988995
/home/thomas/Thomas/git-thomas/PythonOpencv/python/opencv/face_recognition/test/2541.bmp;12;57;3718.3116393752643
/home/thomas/Thomas/git-thomas/PythonOpencv/python/opencv/face_recognition/test/2542.bmp;27;57;2205.43587510028
/home/thomas/Thomas/git-thomas/PythonOpencv/python/opencv/face_recognition/test/2543.bmp;27;57;2198.4055350496405
/home/thomas/Thomas/git-thomas/PythonOpencv/python/opencv/face_recognition/test/2544.bmp;27;57;2195.6727853443667
/home/thomas/Thomas/git-thomas/PythonOpencv/python/opencv/face_recognition/test/2578.bmp;50;58;3990.236745678459
/home/thomas/Thomas/git-thomas/PythonOpencv/python/opencv/face_recognition/test/2579.bmp;63;58;3730.1967285013484
/home/thomas/Thomas/git-thomas/PythonOpencv/python/opencv/face_recognition/test/2586.bmp;62;58;3904.347489165389
/home/thomas/Thomas/git-thomas/PythonOpencv/python/opencv/face_recognition/test/2587.bmp;55;58;3362.442805046287
/home/thomas/Thomas/git-thomas/PythonOpencv/python/opencv/face_recognition/test/2588.bmp;55;58;3353.4697532754917
/home/thomas/Thomas/git-thomas/PythonOpencv/python/opencv/face_recognition/test/2589.bmp;55;58;3352.377380129032
/home/thomas/Thomas/git-thomas/PythonOpencv/python/opencv/face_recognition/test/2622.bmp;40;59;3558.24813939833
/home/thomas/Thomas/git-thomas/PythonOpencv/python/opencv/face_recognition/test/2623.bmp;7;59;3229.3697876970687
/home/thomas/Thomas/git-thomas/PythonOpencv/python/opencv/face_recognition/test/2624.bmp;52;59;3345.2684785391266
/home/thomas/Thomas/git-thomas/PythonOpencv/python/opencv/face_recognition/test/2631.bmp;50;59;3523.9361485526
/home/thomas/Thomas/git-thomas/PythonOpencv/python/opencv/face_recognition/test/2632.bmp;46;59;1945.428749229447
/home/thomas/Thomas/git-thomas/PythonOpencv/python/opencv/face_recognition/test/2633.bmp;46;59;1902.9880567091038
/home/thomas/Thomas/git-thomas/PythonOpencv/python/opencv/face_recognition/test/2634.bmp;46;59;1904.6008008264032
/home/thomas/Thomas/git-thomas/PythonOpencv/python/opencv/face_recognition/test/2667.bmp;2;60;3709.868515288448
/home/thomas/Thomas/git-thomas/PythonOpencv/python/opencv/face_recognition/test/2668.bmp;7;60;3680.7770468824597
/home/thomas/Thomas/git-thomas/PythonOpencv/python/opencv/face_recognition/test/2669.bmp;7;60;3025.3993074871664
/home/thomas/Thomas/git-thomas/PythonOpencv/python/opencv/face_recognition/test/2676.bmp;22;60;3082.5097558212897
/home/thomas/Thomas/git-thomas/PythonOpencv/python/opencv/face_recognition/test/2677.bmp;5;60;2567.4402364202174
/home/thomas/Thomas/git-thomas/PythonOpencv/python/opencv/face_recognition/test/2678.bmp;5;60;2563.959488060986
/home/thomas/Thomas/git-thomas/PythonOpencv/python/opencv/face_recognition/test/2679.bmp;5;60;2563.745142696646
/home/thomas/Thomas/git-thomas/PythonOpencv/python/opencv/face_recognition/test/2712.bmp;7;61;4287.437223915946
/home/thomas/Thomas/git-thomas/PythonOpencv/python/opencv/face_recognition/test/2713.bmp;7;61;3844.989829310312
/home/thomas/Thomas/git-thomas/PythonOpencv/python/opencv/face_recognition/test/2714.bmp;57;61;3607.7323661411324
/home/thomas/Thomas/git-thomas/PythonOpencv/python/opencv/face_recognition/test/2721.bmp;2;61;3774.907305634908
/home/thomas/Thomas/git-thomas/PythonOpencv/python/opencv/face_recognition/test/2722.bmp;9;61;3190.120128938996
/home/thomas/Thomas/git-thomas/PythonOpencv/python/opencv/face_recognition/test/2723.bmp;9;61;3145.568192446759
/home/thomas/Thomas/git-thomas/PythonOpencv/python/opencv/face_recognition/test/2724.bmp;9;61;3146.199236873274
/home/thomas/Thomas/git-thomas/PythonOpencv/python/opencv/face_recognition/test/2766.bmp;22;62;3340.562546244523
/home/thomas/Thomas/git-thomas/PythonOpencv/python/opencv/face_recognition/test/2767.bmp;55;62;2767.51398111978
/home/thomas/Thomas/git-thomas/PythonOpencv/python/opencv/face_recognition/test/2768.bmp;55;62;2671.2270732150732
/home/thomas/Thomas/git-thomas/PythonOpencv/python/opencv/face_recognition/test/2769.bmp;55;62;2655.430268773177
/home/thomas/Thomas/git-thomas/PythonOpencv/python/opencv/face_recognition/test/2811.bmp;12;63;3131.575001455074
/home/thomas/Thomas/git-thomas/PythonOpencv/python/opencv/face_recognition/test/2812.bmp;6;63;2287.4226715657855
/home/thomas/Thomas/git-thomas/PythonOpencv/python/opencv/face_recognition/test/2813.bmp;6;63;2293.459734523679
/home/thomas/Thomas/git-thomas/PythonOpencv/python/opencv/face_recognition/test/2814.bmp;6;63;2293.4989477145664
/home/thomas/Thomas/git-thomas/PythonOpencv/python/opencv/face_recognition/test/2847.bmp;7;64;3887.704248060187
/home/thomas/Thomas/git-thomas/PythonOpencv/python/opencv/face_recognition/test/2848.bmp;50;64;3580.6024703850835
/home/thomas/Thomas/git-thomas/PythonOpencv/python/opencv/face_recognition/test/2856.bmp;50;64;3581.9191623768593
/home/thomas/Thomas/git-thomas/PythonOpencv/python/opencv/face_recognition/test/2857.bmp;46;64;2361.70136228066
/home/thomas/Thomas/git-thomas/PythonOpencv/python/opencv/face_recognition/test/2858.bmp;46;64;2365.4305594993816
/home/thomas/Thomas/git-thomas/PythonOpencv/python/opencv/face_recognition/test/2859.bmp;46;64;2350.177780852335
/home/thomas/Thomas/git-thomas/PythonOpencv/python/opencv/face_recognition/test/2893.bmp;7;65;4145.600197776553
/home/thomas/Thomas/git-thomas/PythonOpencv/python/opencv/face_recognition/test/2894.bmp;57;65;3603.2618869541093
/home/thomas/Thomas/git-thomas/PythonOpencv/python/opencv/face_recognition/test/2901.bmp;52;65;3822.7293972521293
/home/thomas/Thomas/git-thomas/PythonOpencv/python/opencv/face_recognition/test/2902.bmp;46;65;2605.7015697443667
/home/thomas/Thomas/git-thomas/PythonOpencv/python/opencv/face_recognition/test/2903.bmp;46;65;2607.3543979026076
/home/thomas/Thomas/git-thomas/PythonOpencv/python/opencv/face_recognition/test/2904.bmp;46;65;2604.4776864393457
/home/thomas/Thomas/git-thomas/PythonOpencv/python/opencv/face_recognition/test/2937.bmp;6;66;4182.324712437963
/home/thomas/Thomas/git-thomas/PythonOpencv/python/opencv/face_recognition/test/2938.bmp;6;66;3724.082426487231
/home/thomas/Thomas/git-thomas/PythonOpencv/python/opencv/face_recognition/test/2939.bmp;2;66;3924.638050074079
/home/thomas/Thomas/git-thomas/PythonOpencv/python/opencv/face_recognition/test/2946.bmp;7;66;3632.280226158019
/home/thomas/Thomas/git-thomas/PythonOpencv/python/opencv/face_recognition/test/2947.bmp;5;66;2552.994935220878
/home/thomas/Thomas/git-thomas/PythonOpencv/python/opencv/face_recognition/test/2948.bmp;5;66;2525.0985939490192
/home/thomas/Thomas/git-thomas/PythonOpencv/python/opencv/face_recognition/test/2949.bmp;5;66;2533.0653758961666
/home/thomas/Thomas/git-thomas/PythonOpencv/python/opencv/face_recognition/test/2983.bmp;7;67;4036.209478422628
/home/thomas/Thomas/git-thomas/PythonOpencv/python/opencv/face_recognition/test/2984.bmp;57;67;3619.9392918039903
/home/thomas/Thomas/git-thomas/PythonOpencv/python/opencv/face_recognition/test/2991.bmp;52;67;3843.947717522248
/home/thomas/Thomas/git-thomas/PythonOpencv/python/opencv/face_recognition/test/2992.bmp;5;67;2887.9023581883594
/home/thomas/Thomas/git-thomas/PythonOpencv/python/opencv/face_recognition/test/2993.bmp;5;67;2874.9827982513275
/home/thomas/Thomas/git-thomas/PythonOpencv/python/opencv/face_recognition/test/2994.bmp;5;67;2885.9486935047807
/home/thomas/Thomas/git-thomas/PythonOpencv/python/opencv/face_recognition/test/3027.bmp;40;68;3745.576819601738
/home/thomas/Thomas/git-thomas/PythonOpencv/python/opencv/face_recognition/test/3028.bmp;38;68;3851.1085173281513
/home/thomas/Thomas/git-thomas/PythonOpencv/python/opencv/face_recognition/test/3036.bmp;50;68;3942.0166864920557
/home/thomas/Thomas/git-thomas/PythonOpencv/python/opencv/face_recognition/test/3037.bmp;15;68;2495.5052298628425
/home/thomas/Thomas/git-thomas/PythonOpencv/python/opencv/face_recognition/test/3038.bmp;15;68;2478.5010850325
/home/thomas/Thomas/git-thomas/PythonOpencv/python/opencv/face_recognition/test/3039.bmp;15;68;2474.2406644079897
